{"cameraMode":{"drawMode":0,"name":"Shaded","section":"Shading Mode"},"sceneLighting":true,"audioPlay":false,"sceneViewState":{"showFog":true,"showMaterialUpdate":false,"showSkybox":true,"showFlares":true,"showImageEffects":true,"showParticleSystems":true},"in2DMode":false,"pivot":{"x":128.13150024414063,"y":39.927703857421878,"z":93.28901672363281},"rotation":{"x":-0.4703204333782196,"y":0.08762440085411072,"z":-0.04699808731675148,"w":-0.876876175403595},"size":118.15079498291016,"orthographic":false}